id,name,full_name,owner,description,language,stars,forks,watchers,open_issues,created_at,updated_at,pushed_at,size,license,url,clone_url,topics
22744595,html-webpack-plugin,jantimon/html-webpack-plugin,jantimon,Simplifies creation of HTML files to serve your webpack bundles,JavaScript,10753,1303,10753,38,2014-08-08T03:19:15Z,2025-12-16T11:37:32Z,2025-11-18T11:31:29Z,2164,MIT License,https://github.com/jantimon/html-webpack-plugin,https://github.com/jantimon/html-webpack-plugin.git,"html-webpack-plugin, webpack"
38342221,graphql-spec,graphql/graphql-spec,graphql,GraphQL is a query language and execution engine tied to any backend service.,JavaScript,14734,1151,14734,208,2015-07-01T01:26:56Z,2025-12-17T11:42:42Z,2025-12-04T19:44:34Z,5897,Other,https://github.com/graphql/graphql-spec,https://github.com/graphql/graphql-spec.git,
34302698,serverless,serverless/serverless,serverless,"‚ö° Serverless Framework ‚Äì Effortlessly build apps that auto-scale, incur zero costs when idle, and require minimal maintenance using AWS Lambda and other managed cloud services.",JavaScript,46912,5737,46912,1228,2015-04-21T03:48:40Z,2025-12-18T06:32:17Z,2025-12-17T18:49:18Z,100004,MIT License,https://github.com/serverless/serverless,https://github.com/serverless/serverless.git,"aws, aws-dynamodb, aws-lambda, azure-functions, google-cloud-functions, microservice, serverless, serverless-architectures, serverless-framework"
1790564,handsontable,handsontable/handsontable,handsontable,"JavaScript Data Grid / Data Table with a Spreadsheet Look & Feel. Works with React, Angular, and Vue. Supported by the Handsontable team ‚ö°",JavaScript,21683,3187,21683,401,2011-05-23T22:38:58Z,2025-12-17T16:04:49Z,2025-12-17T20:23:00Z,838822,Other,https://github.com/handsontable/handsontable,https://github.com/handsontable/handsontable.git,"angular-datagrid, angular-table, component, crud-operations, data-editing, data-grid, data-management, data-tables, datagrid, datatable, excel, excel-javascript, grid, grid-component, react-datatable, react-grid, spreadsheet, table, vue-table"
3374332,bootswatch,thomaspark/bootswatch,thomaspark,Themes for Bootstrap,JavaScript,14764,3664,14764,67,2012-02-07T04:31:56Z,2025-12-18T02:03:01Z,2025-12-06T00:29:59Z,93597,MIT License,https://github.com/thomaspark/bootswatch,https://github.com/thomaspark/bootswatch.git,"bootstrap, bootswatch, css, css-framework, theme"
10187082,pm2,Unitech/pm2,Unitech,Node.js Production Process Manager with a built-in Load Balancer.,JavaScript,42805,2672,42805,1078,2013-05-21T03:25:25Z,2025-12-17T22:45:14Z,2025-11-26T10:24:50Z,13627,Other,https://github.com/Unitech/pm2,https://github.com/Unitech/pm2.git,"command-line, command-line-tool, deploy, load-balancer, monitoring, node, nodejs, pm2, process-manager, production"
364474335,zx,google/zx,google,A tool for writing better scripts,JavaScript,44955,1185,44955,22,2021-05-05T05:50:01Z,2025-12-18T05:58:50Z,2025-12-03T20:47:18Z,4031,Apache License 2.0,https://github.com/google/zx,https://github.com/google/zx.git,"bash, child-process, cli, exec, javascript, nodejs, pipe, shell, spawn"
2163263,hapi,hapijs/hapi,hapijs,"The Simple, Secure Framework Developers Trust",JavaScript,14743,1353,14743,59,2011-08-06T00:35:39Z,2025-12-17T18:31:27Z,2025-11-06T09:40:46Z,17059,Other,https://github.com/hapijs/hapi,https://github.com/hapijs/hapi.git,"application, framework, hapi, http, nodejs"
924551,rabbitmq-server,rabbitmq/rabbitmq-server,rabbitmq,Open source RabbitMQ: core server and tier 1 (built-in) plugins,JavaScript,13344,3985,13344,271,2010-09-20T10:29:16Z,2025-12-18T02:55:47Z,2025-12-18T00:31:30Z,222263,Other,https://github.com/rabbitmq/rabbitmq-server,https://github.com/rabbitmq/rabbitmq-server.git,"amqp, amqp-0-9-1, amqp1-0, message-broker, messaging, mqtt, rabbitmq, stomp, streaming, streams"
961357433,LibreTV,LibreSpark/LibreTV,LibreSpark,‰∏ÄÂàÜÈíüÊê≠Âª∫ÂΩ±ËßÜÁ´ôÔºåÊîØÊåÅVercel/DockerÁ≠âÈÉ®ÁΩ≤ÊñπÂºè,JavaScript,12764,26337,12764,96,2025-04-06T10:52:08Z,2025-12-18T04:46:53Z,2025-08-12T12:56:19Z,1975,Apache License 2.0,https://github.com/LibreSpark/LibreTV,https://github.com/LibreSpark/LibreTV.git,"css, html, movie-web-app, movies-and-cinemas, tv"
991475,node-postgres,brianc/node-postgres,brianc,PostgreSQL client for node.js.,JavaScript,13006,1301,13006,510,2010-10-15T23:05:50Z,2025-12-17T23:03:53Z,2025-12-11T17:07:16Z,4788,MIT License,https://github.com/brianc/node-postgres,https://github.com/brianc/node-postgres.git,"libpq, node-postgres, postgres, postgresql, postgresql-driver"
397401267,audiobookshelf,advplyr/audiobookshelf,advplyr,Self-hosted audiobook and podcast server,JavaScript,11037,801,11037,887,2021-08-17T22:00:40Z,2025-12-18T06:19:53Z,2025-12-14T22:35:16Z,42695,GNU General Public License v3.0,https://github.com/advplyr/audiobookshelf,https://github.com/advplyr/audiobookshelf.git,"audiobook-manager, audiobooks, audiobookshelf, podcasts, self-hosted"
140687430,uni-app,dcloudio/uni-app,dcloudio,A cross-platform framework using Vue.js,JavaScript,41314,3715,41314,699,2018-07-12T08:52:39Z,2025-12-18T04:06:43Z,2025-12-18T04:04:46Z,7244692,Apache License 2.0,https://github.com/dcloudio/uni-app,https://github.com/dcloudio/uni-app.git,"android, cross-platform, crossplatform, hbuilderx, ios, javascript, miniprogram, uni, uni-app, uniapp, vue, vue3"
80862584,gutenberg,WordPress/gutenberg,WordPress,The Block Editor project for WordPress and beyond. Plugin is available from the official repository.,JavaScript,11481,4635,11481,7449,2017-02-03T19:34:19Z,2025-12-18T03:50:11Z,2025-12-18T05:36:31Z,912359,Other,https://github.com/WordPress/gutenberg,https://github.com/WordPress/gutenberg.git,"gutenberg, wordpress, wordpress-plugin"
1844251,todomvc,tastejs/todomvc,tastejs,"Helping you select a JavaScript framework - Todo apps for React.js, Angular, Vue and many more",JavaScript,28882,13769,28882,173,2011-06-03T19:56:33Z,2025-12-18T06:25:36Z,2025-06-23T17:35:04Z,76582,Other,https://github.com/tastejs/todomvc,https://github.com/tastejs/todomvc.git,
1580851,PhotoSwipe,dimsemenov/PhotoSwipe,dimsemenov,"JavaScript image gallery for mobile and desktop, modular, framework independent",JavaScript,24985,3291,24985,159,2011-04-07T05:46:29Z,2025-12-16T13:03:47Z,2025-12-04T07:31:46Z,30495,MIT License,https://github.com/dimsemenov/PhotoSwipe,https://github.com/dimsemenov/PhotoSwipe.git,"gallery, image, javascript, lightbox"
92570536,emotion,emotion-js/emotion,emotion-js,üë©‚Äçüé§ CSS-in-JS library designed for high performance style composition,JavaScript,17940,1138,17940,363,2017-05-27T04:23:45Z,2025-12-17T13:15:46Z,2025-11-04T12:47:00Z,25292,MIT License,https://github.com/emotion-js/emotion,https://github.com/emotion-js/emotion.git,"babel-plugin, css, css-in-js, emotion, react, reactjs"
59187489,listen1_desktop,listen1/listen1_desktop,listen1,"one for all free music in china (Windows, Mac, Linux desktop)",JavaScript,11083,1510,11083,938,2016-05-19T08:19:22Z,2025-12-18T06:23:17Z,2025-09-04T15:46:26Z,1022,MIT License,https://github.com/listen1/listen1_desktop,https://github.com/listen1/listen1_desktop.git,"desktop-app, music-player"
3678731,webpack,webpack/webpack,webpack,"A bundler for javascript and friends. Packs many modules into a few bundled assets. Code Splitting allows for loading parts of the application on demand. Through ""loaders"", modules can be CommonJs, AMD, ES6 modules, CSS, Images, JSON, Coffeescript, LESS, ... and your custom stuff.",JavaScript,65830,9190,65830,207,2012-03-10T10:08:14Z,2025-12-18T03:26:18Z,2025-12-18T03:03:27Z,75943,MIT License,https://github.com/webpack/webpack,https://github.com/webpack/webpack.git,"amd, build-tool, commonjs, compiler, es2015, es6, esm, javascript, javascript-compiler, javascript-modules, loaders, module-bundler, plugins, web, web-performance, webpack"
2656556,zotero,zotero/zotero,zotero,"Zotero is a free, easy-to-use tool to help you collect, organize, annotate, cite, and share your research sources.",JavaScript,13017,918,13017,1570,2011-10-27T07:46:48Z,2025-12-18T06:12:51Z,2025-12-18T05:36:29Z,229141,Other,https://github.com/zotero/zotero,https://github.com/zotero/zotero.git,
44416666,minimal-repro,electron/minimal-repro,electron,Clone to try a simple Electron app,JavaScript,11492,4946,11492,14,2015-10-16T23:56:39Z,2025-12-18T01:50:30Z,2025-12-15T18:09:23Z,1315,Creative Commons Zero v1.0 Universal,https://github.com/electron/minimal-repro,https://github.com/electron/minimal-repro.git,
995029641,claude-flow,ruvnet/claude-flow,ruvnet,"üåä The leading agent orchestration platform for Claude. Deploy intelligent multi-agent swarms, coordinate autonomous workflows, and build conversational AI systems. Features    enterprise-grade architecture, distributed swarm intelligence, RAG integration, and native Claude Code support via MCP protocol. Ranked #1 in agent-based frameworks.",JavaScript,10698,1401,10698,311,2025-06-02T21:24:20Z,2025-12-18T06:03:15Z,2025-12-09T15:53:41Z,406629,MIT License,https://github.com/ruvnet/claude-flow,https://github.com/ruvnet/claude-flow.git,"agentic-ai, agentic-engineering, agentic-framework, agentic-rag, agentic-workflow, ai-assistant, ai-tools, anthropic-claude, autonomous-agents, claude-code, codex, huggingface, jules, mcp-server, model-context-protocol, multi-agent, multi-agent-systems, npx, swarm, swarm-intelligence"
261279710,Recoil,facebookexperimental/Recoil,facebookexperimental,"Recoil is an experimental state management library for React apps. It provides several capabilities that are difficult to achieve with React alone, while being compatible with the newest features of React.",JavaScript,19564,1222,19564,323,2020-05-04T19:44:15Z,2025-12-17T04:46:39Z,2025-01-01T08:07:34Z,49827,MIT License,https://github.com/facebookexperimental/Recoil,https://github.com/facebookexperimental/Recoil.git,
7178155,svg.js,svgdotjs/svg.js,svgdotjs,The lightweight library for manipulating and animating SVG,JavaScript,11719,1088,11719,15,2012-12-15T10:26:54Z,2025-12-17T15:38:46Z,2025-09-15T16:21:02Z,11403,Other,https://github.com/svgdotjs/svg.js,https://github.com/svgdotjs/svg.js.git,"animation, javascript, svg, svgjs"
317319347,social-analyzer,qeeqbox/social-analyzer,qeeqbox,"API, CLI, and Web App for analyzing and finding a person's profile in 1000 social media \ websites",JavaScript,19998,1831,19998,31,2020-11-30T19:04:26Z,2025-12-18T05:02:14Z,2025-10-31T19:43:53Z,63226,GNU Affero General Public License v3.0,https://github.com/qeeqbox/social-analyzer,https://github.com/qeeqbox/social-analyzer.git,"analysis, analyzer, cli, information-gathering, javascript, nodejs, nodejs-cli, osint, pentest, pentesting, person-profile, profile, python, reconnaissance, security-tools, social-analyzer, social-media, sosint, username"
70342215,bootstrap-vue,bootstrap-vue/bootstrap-vue,bootstrap-vue,MOVED to https://github.com/bootstrap-vue-next/bootstrap-vue-next,JavaScript,14496,1873,14496,196,2016-10-08T15:59:35Z,2025-12-17T21:21:42Z,2025-11-13T12:52:41Z,54842,MIT License,https://github.com/bootstrap-vue/bootstrap-vue,https://github.com/bootstrap-vue/bootstrap-vue.git,"a11y, accessibility, accessible, bootstrap, bootstrapvue, component-library, components, icons, nuxt, nuxtjs, vue, wai-aria"
86683265,wechat-app-mall,EastWorld/wechat-app-mall,EastWorld,ÂæÆ‰ø°Â∞èÁ®ãÂ∫èÂïÜÂüéÔºåÂæÆ‰ø°Â∞èÁ®ãÂ∫èÂæÆÂ∫ó,JavaScript,21499,6691,21499,0,2017-03-30T09:16:15Z,2025-12-18T05:42:10Z,2025-12-17T11:52:23Z,8712,Apache License 2.0,https://github.com/EastWorld/wechat-app-mall,https://github.com/EastWorld/wechat-app-mall.git,
402046,jsPDF,parallax/jsPDF,parallax,Client-side JavaScript PDF generation for everyone.,JavaScript,30890,4791,30890,108,2009-12-06T14:56:32Z,2025-12-18T05:58:55Z,2025-12-11T11:08:05Z,133047,MIT License,https://github.com/parallax/jsPDF,https://github.com/parallax/jsPDF.git,hacktoberfest
12226786,sharp,lovell/sharp,lovell,"High performance Node.js image processing, the fastest module to resize JPEG, PNG, WebP, AVIF and TIFF images. Uses the libvips library.",JavaScript,31540,1375,31540,114,2013-08-19T20:24:24Z,2025-12-18T01:45:39Z,2025-12-17T15:08:45Z,58638,Apache License 2.0,https://github.com/lovell/sharp,https://github.com/lovell/sharp.git,"avif, crop, exif, icc, image, image-processing, javascript, jpeg, libvips, nodejs, performance, png, resize, sharp, svg, tiff, webp"
1607357,superagent,forwardemail/superagent,forwardemail,"Ajax for Node.js and browsers (JS HTTP client). Maintained for @forwardemail, @ladjs, @spamscanner, @breejs, @cabinjs, and @lassjs.",JavaScript,16654,1331,16654,181,2011-04-13T02:29:45Z,2025-12-18T00:35:14Z,2025-10-30T01:17:11Z,7027,MIT License,https://github.com/forwardemail/superagent,https://github.com/forwardemail/superagent.git,
15308499,Sortable,SortableJS/Sortable,SortableJS,Reorderable drag-and-drop lists for modern browsers and touch devices. No jQuery or framework required.,JavaScript,30919,3747,30919,514,2013-12-19T10:10:13Z,2025-12-18T06:13:43Z,2025-05-29T19:31:47Z,2763,MIT License,https://github.com/SortableJS/Sortable,https://github.com/SortableJS/Sortable.git,"drag, drag-and-drop, drag-drop, draggable, droppable, reordering, sort, sortable, touch, ui"
79527893,hyperapp,jorgebucaran/hyperapp,jorgebucaran,1kB-ish JavaScript framework for building hypertext applications,JavaScript,19196,779,19196,13,2017-01-20T05:20:21Z,2025-12-17T15:04:27Z,2025-03-20T01:04:38Z,6946,MIT License,https://github.com/jorgebucaran/hyperapp,https://github.com/jorgebucaran/hyperapp.git,"framework, javascript, vdom, web"
28249537,markdown-it,markdown-it/markdown-it,markdown-it,"Markdown parser, done right. 100% CommonMark support, extensions, syntax plugins & high speed",JavaScript,20816,1791,20816,56,2014-12-19T22:54:53Z,2025-12-18T02:24:18Z,2025-09-11T12:21:18Z,3838,MIT License,https://github.com/markdown-it/markdown-it,https://github.com/markdown-it/markdown-it.git,"commonmark, javascript, markdown"
46964895,showdoc,star7th/showdoc,star7th,ShowDoc is a tool greatly applicable for an IT team to share documents online‰∏Ä‰∏™ÈùûÂ∏∏ÈÄÇÂêàITÂõ¢ÈòüÁöÑÂú®Á∫øAPIÊñáÊ°£„ÄÅÊäÄÊúØÊñáÊ°£Â∑•ÂÖ∑,JavaScript,12709,2227,12709,135,2015-11-27T07:03:24Z,2025-12-17T12:55:09Z,2025-12-15T17:02:50Z,24246,Other,https://github.com/star7th/showdoc,https://github.com/star7th/showdoc.git,"api, document, documentation-tool, showdoc"
45646037,plotly.js,plotly/plotly.js,plotly,Open-source JavaScript charting library behind Plotly and Dash,JavaScript,17993,1966,17993,784,2015-11-05T23:27:17Z,2025-12-18T06:10:34Z,2025-12-17T20:12:48Z,1900550,MIT License,https://github.com/plotly/plotly.js,https://github.com/plotly/plotly.js.git,"charting-library, charts, d3, data-visualization, plotly, plotly-dash, regl, visualization, webgl"
4813464,supertest,forwardemail/supertest,forwardemail,"üï∑ Super-agent driven library for testing node.js HTTP servers using a fluent API.   Maintained for @forwardemail, @ladjs, @spamscanner, @breejs, @cabinjs, and @lassjs.",JavaScript,14264,778,14264,176,2012-06-27T20:56:12Z,2025-12-17T14:20:09Z,2025-11-21T21:38:39Z,920,MIT License,https://github.com/forwardemail/supertest,https://github.com/forwardemail/supertest.git,"assertions, node, superagent, supertest"
74297382,react-transition-group,reactjs/react-transition-group,reactjs,An easy way to perform animations when a React component enters or leaves the DOM,JavaScript,10257,648,10257,249,2016-11-20T19:29:24Z,2025-12-17T04:39:34Z,2025-12-16T17:10:22Z,11705,Other,https://github.com/reactjs/react-transition-group,https://github.com/reactjs/react-transition-group.git,
17814354,mithril.js,MithrilJS/mithril.js,MithrilJS,A JavaScript Framework for Building Brilliant Applications,JavaScript,14616,928,14616,24,2014-03-17T01:59:39Z,2025-12-17T22:04:26Z,2025-11-26T19:01:01Z,10853,MIT License,https://github.com/MithrilJS/mithril.js,https://github.com/MithrilJS/mithril.js.git,"framework, javascript, mithril, router, vdom, virtual-dom, xhr"
648414,jquery-validation,jquery-validation/jquery-validation,jquery-validation,jQuery Validation Plugin library sources,JavaScript,10345,2748,10345,41,2010-05-05T13:40:20Z,2025-12-16T04:37:36Z,2025-11-14T11:16:28Z,8475,MIT License,https://github.com/jquery-validation/jquery-validation,https://github.com/jquery-validation/jquery-validation.git,"inline-validation, javascript, jquery, jquery-validation"
598164,noVNC,novnc/noVNC,novnc,VNC client web application,JavaScript,13195,2535,13195,102,2010-04-07T01:55:44Z,2025-12-17T21:29:43Z,2025-11-04T09:08:58Z,10716,Other,https://github.com/novnc/noVNC,https://github.com/novnc/noVNC.git,"arraybuffer, html, html-canvas, html5, javascript, modern-browsers, novnc, vnc-client, websockets, websockify, wss"
10290605,typed.js,mattboldt/typed.js,mattboldt,A JavaScript Typing Animation Library,JavaScript,16210,1773,16210,24,2013-05-25T22:17:44Z,2025-12-18T02:41:05Z,2025-02-07T03:30:52Z,5879,MIT License,https://github.com/mattboldt/typed.js,https://github.com/mattboldt/typed.js.git,
164574693,AnotherRedisDesktopManager,qishibo/AnotherRedisDesktopManager,qishibo,"üöÄüöÄüöÄA faster, better and more stable Redis desktop manager [GUI client], compatible with Linux, Windows, Mac.",JavaScript,33604,2688,33604,168,2019-01-08T06:01:56Z,2025-12-18T02:58:58Z,2025-10-16T02:30:58Z,5533,MIT License,https://github.com/qishibo/AnotherRedisDesktopManager,https://github.com/qishibo/AnotherRedisDesktopManager.git,"redis, redis-client, redis-cluster, redis-desktop-manager, redis-gui"
3100121,nw.js,nwjs/nw.js,nwjs,Call all Node.js modules directly from DOM/WebWorker and enable a new way of writing applications with all Web technologies.,JavaScript,41528,3874,41528,948,2012-01-04T06:21:10Z,2025-12-18T01:31:58Z,2025-12-07T22:10:24Z,134517,MIT License,https://github.com/nwjs/nw.js,https://github.com/nwjs/nw.js.git,"desktop, javascript, node-webkit, nodejs, nwjs, web-application-framework"
84009,jasmine,jasmine/jasmine,jasmine,Simple JavaScript testing framework for browsers and node.js,JavaScript,15836,2242,15836,13,2008-12-02T23:46:37Z,2025-12-15T14:40:05Z,2025-12-06T19:07:22Z,10964,MIT License,https://github.com/jasmine/jasmine,https://github.com/jasmine/jasmine.git,"jasmine, javascript, tdd, testing"
15720445,marko,marko-js/marko,marko-js,"A declarative, HTML-based language that makes building web apps fun",JavaScript,14273,662,14273,19,2014-01-07T23:58:21Z,2025-12-18T04:24:45Z,2025-12-18T04:29:37Z,42995,MIT License,https://github.com/marko-js/marko,https://github.com/marko-js/marko.git,"client-side-rendering, dom, frontend, isomorphic, javascript, nodejs, server-side-rendering, ui-components, vdom"
92443980,drawio-desktop,jgraph/drawio-desktop,jgraph,Official electron build of draw.io,JavaScript,58512,5530,58512,84,2017-05-25T20:58:42Z,2025-12-18T05:35:43Z,2025-11-17T16:43:18Z,2955,Apache License 2.0,https://github.com/jgraph/drawio-desktop,https://github.com/jgraph/drawio-desktop.git,"diagram-editor, electron-app, graphics, javascript-applications"
48242990,snapdrop,SnapDrop/snapdrop,SnapDrop,A Progressive Web App for local file sharing ,JavaScript,19620,1885,19620,294,2015-12-18T15:44:18Z,2025-12-18T05:57:13Z,2025-02-10T10:35:43Z,3571,GNU General Public License v3.0,https://github.com/SnapDrop/snapdrop,https://github.com/SnapDrop/snapdrop.git,"pwa, snapdrop, webrtc"
98789146,evergreen,segmentio/evergreen,segmentio,üå≤ Evergreen React UI Framework by Segment,JavaScript,12401,814,12401,80,2017-07-30T10:03:14Z,2025-12-13T13:07:57Z,2025-06-11T04:53:19Z,231668,MIT License,https://github.com/segmentio/evergreen,https://github.com/segmentio/evergreen.git,"component-library, design-systems, evergreen, react, segment, ui, ui-components"
16089035,wekan,wekan/wekan,wekan,"The Open Source kanban (built with Meteor). Keep variable/table/field names camelCase. For translations, only add Pull Request changes to wekan/i18n/en.i18n.json , other translations are done at https://app.transifex.com/wekan/wekan only.",JavaScript,20745,2956,20745,701,2014-01-21T01:26:28Z,2025-12-17T23:59:20Z,2025-12-17T23:59:13Z,88591,MIT License,https://github.com/wekan/wekan,https://github.com/wekan/wekan.git,"docker-image, foss, javascript, kanban, meteor, real-time, sandstorm, snapcraft, wekan"
43830564,volkswagen,auchenberg/volkswagen,auchenberg,":see_no_evil: Volkswagen detects when your tests are being run in a CI server, and makes them pass.",JavaScript,15401,242,15401,24,2015-10-07T16:51:21Z,2025-12-16T14:08:22Z,2025-10-10T19:17:22Z,249,MIT License,https://github.com/auchenberg/volkswagen,https://github.com/auchenberg/volkswagen.git,"cheat, ci-server, continuous-integration, defeat, javascipt, nodejs, volkswagen"
3750921,nightwatch,nightwatchjs/nightwatch,nightwatchjs,Integrated end-to-end testing framework written in Node.js and using W3C Webdriver API. Developed at @browserstack,JavaScript,11942,1409,11942,334,2012-03-17T21:28:18Z,2025-12-16T14:53:14Z,2025-12-09T14:23:07Z,54707,MIT License,https://github.com/nightwatchjs/nightwatch,https://github.com/nightwatchjs/nightwatch.git,"automated-testing, chromedriver, end-to-end-testing, hacktoberfest, javascript, nightwatch, nightwatchjs, nodejs, selenium, selenium-server, selenium-webdriver, testing, w3c-webdriver, webdriver"
63537249,create-react-app,facebook/create-react-app,facebook,Set up a modern web app by running one command.,JavaScript,103928,27178,103928,2357,2016-07-17T14:55:11Z,2025-12-18T04:05:19Z,2025-02-15T01:32:11Z,25186,MIT License,https://github.com/facebook/create-react-app,https://github.com/facebook/create-react-app.git,"build-tools, react, zero-configuration"
55424670,workbox,GoogleChrome/workbox,GoogleChrome,üì¶ Workbox: JavaScript libraries for Progressive Web Apps,JavaScript,12844,864,12844,57,2016-04-04T15:55:19Z,2025-12-17T21:22:06Z,2025-12-08T09:19:29Z,21554,MIT License,https://github.com/GoogleChrome/workbox,https://github.com/GoogleChrome/workbox.git,"offline-first, progressive-web-app, service-worker, service-workers, sw-precache, sw-toolbox"
667110339,drawdb,drawdb-io/drawdb,drawdb-io,"Free, simple, and intuitive online database diagram editor and SQL generator.",JavaScript,35188,2732,35188,180,2023-07-16T17:09:20Z,2025-12-18T06:08:36Z,2025-12-07T09:18:03Z,6127,GNU Affero General Public License v3.0,https://github.com/drawdb-io/drawdb,https://github.com/drawdb-io/drawdb.git,"database-schema, diagram-editor, editor, erd, erdiagram, indexeddb, javascript, mariadb, oracle-database, oracle-db, postgresql, react, sql, sql-server, sqlite, svg, tailwindcss"
5830987,joi,hapijs/joi,hapijs,The most powerful data validation library for JS,JavaScript,21189,1511,21189,186,2012-09-16T16:38:06Z,2025-12-16T02:23:03Z,2025-11-19T15:48:42Z,10093,Other,https://github.com/hapijs/joi,https://github.com/hapijs/joi.git,"hapi, javascript, schema, validation"
3556910,sql.js,sql-js/sql.js,sql-js,A javascript library to run SQLite on the web.  ,JavaScript,13455,1098,13455,141,2012-02-27T03:05:49Z,2025-12-17T16:22:35Z,2025-04-14T07:42:11Z,149192,Other,https://github.com/sql-js/sql.js,https://github.com/sql-js/sql.js.git,"database, emscripten, javascript, sql, sqlite, wasm"
3757512,sails,balderdashy/sails,balderdashy,Realtime MVC Framework for Node.js,JavaScript,22855,1929,22855,591,2012-03-18T19:46:15Z,2025-12-16T17:23:14Z,2025-08-06T19:26:26Z,13181,MIT License,https://github.com/balderdashy/sails,https://github.com/balderdashy/sails.git,
171072967,whatsapp-web.js,pedroslopez/whatsapp-web.js,pedroslopez,A WhatsApp client library for NodeJS that connects through the WhatsApp Web browser app,JavaScript,20371,4710,20371,161,2019-02-17T02:16:02Z,2025-12-18T03:32:39Z,2025-12-18T05:03:17Z,5433,Apache License 2.0,https://github.com/pedroslopez/whatsapp-web.js,https://github.com/pedroslopez/whatsapp-web.js.git,"api, bot, bot-api, hacktoberfest, whatsapp, whatsapp-api, whatsapp-bot, whatsapp-web, whatsapp-web-api"
410480975,NotionNext,tangly1024/NotionNext,tangly1024,"‰ΩøÁî® NextJS + Notion API ÂÆûÁé∞ÁöÑÔºåÊîØÊåÅÂ§öÁßçÈÉ®ÁΩ≤ÊñπÊ°àÁöÑÈùôÊÄÅÂçöÂÆ¢ÔºåÊó†ÈúÄÊúçÂä°Âô®„ÄÅÈõ∂Èó®ÊßõÊê≠Âª∫ÁΩëÁ´ôÔºå‰∏∫NotionÂíåÊâÄÊúâÂàõ‰ΩúËÄÖËÆæËÆ°„ÄÇ (A static blog built with NextJS and Notion API, supporting multiple deployment options. No server required, zero threshold to set up a website. Designed for Notion and all creators.)",JavaScript,10799,14031,10799,390,2021-09-26T07:23:22Z,2025-12-18T02:55:26Z,2025-12-16T14:24:57Z,57521,MIT License,https://github.com/tangly1024/NotionNext,https://github.com/tangly1024/NotionNext.git,"blog, nextjs, notion, react, tailwindcss, vercel, zeabur"
382496361,uptime-kuma,louislam/uptime-kuma,louislam,A fancy self-hosted monitoring tool,JavaScript,79919,7122,79919,774,2021-07-03T01:02:42Z,2025-12-18T05:38:35Z,2025-12-18T02:53:48Z,31618,MIT License,https://github.com/louislam/uptime-kuma,https://github.com/louislam/uptime-kuma.git,"docker, monitor, monitoring, responsive, self-hosted, selfhosted, single-page-app, socket-io, uptime, uptime-monitoring, webapp, websocket"
4075232,jsoneditor,josdejong/jsoneditor,josdejong,"A web-based tool to view, edit, format, and validate JSON",JavaScript,12142,2081,12142,228,2012-04-19T13:05:41Z,2025-12-18T02:53:54Z,2025-12-17T08:41:55Z,60971,Apache License 2.0,https://github.com/josdejong/jsoneditor,https://github.com/josdejong/jsoneditor.git,
69495170,fastify,fastify/fastify,fastify,"Fast and low overhead web framework, for Node.js",JavaScript,35216,2533,35216,106,2016-09-28T19:10:14Z,2025-12-17T23:55:34Z,2025-12-15T11:43:04Z,9374,Other,https://github.com/fastify/fastify,https://github.com/fastify/fastify.git,"hacktoberfest, nodejs, performance, speed, webframework"
1013480284,claude-code-templates,davila7/claude-code-templates,davila7,CLI tool for configuring and monitoring Claude Code,JavaScript,12654,1118,12654,61,2025-07-04T01:26:26Z,2025-12-18T04:40:59Z,2025-12-18T03:31:42Z,21063,MIT License,https://github.com/davila7/claude-code-templates,https://github.com/davila7/claude-code-templates.git,"anthropic, anthropic-claude, claude, claude-code"
112150776,eleventy,11ty/eleventy,11ty,A simpler site generator. Transforms a directory of templates (of varying types) into HTML.,JavaScript,19118,555,19118,168,2017-11-27T05:19:00Z,2025-12-18T06:27:34Z,2025-12-16T23:30:17Z,6233,MIT License,https://github.com/11ty/eleventy,https://github.com/11ty/eleventy.git,"blog-engine, documentation-tool, eleventy, javascript, static-site-generator, templates"
23974149,materialize,Dogfalo/materialize,Dogfalo,"Materialize, a CSS Framework based on Material Design",JavaScript,39154,4684,39154,791,2014-09-12T19:35:38Z,2025-12-17T15:17:03Z,2025-08-10T02:17:57Z,165461,MIT License,https://github.com/Dogfalo/materialize,https://github.com/Dogfalo/materialize.git,"css, css-framework, design, framework, javascript, material, material-design"
7530570,appium,appium/appium,appium,"Cross-platform automation framework for all kinds of apps, built on top of the W3C WebDriver protocol",JavaScript,20947,6268,20947,75,2013-01-09T22:49:50Z,2025-12-18T06:33:41Z,2025-12-18T06:33:33Z,226268,Apache License 2.0,https://github.com/appium/appium,https://github.com/appium/appium.git,"android, appium, automation, ios, macos, test-automation, webdriver, windows"
48266773,OSINT-Framework,lockfale/OSINT-Framework,lockfale,OSINT Framework,JavaScript,10290,1679,10290,97,2015-12-19T03:17:20Z,2025-12-18T05:05:16Z,2025-06-16T18:27:29Z,1958,MIT License,https://github.com/lockfale/OSINT-Framework,https://github.com/lockfale/OSINT-Framework.git,"footprinting, intelligence-gathering, osint, osint-framework, osint-resources, reconnaissance"
35640229,rollup,rollup/rollup,rollup,Next-generation ES module bundler,JavaScript,26152,1657,26152,604,2015-05-14T22:26:28Z,2025-12-17T10:57:24Z,2025-12-16T06:25:34Z,32855,Other,https://github.com/rollup/rollup,https://github.com/rollup/rollup.git,
159981830,cli,spicetify/cli,spicetify,"Command-line tool to customize Spotify client. Supports Windows, macOS, and Linux.",JavaScript,21746,825,21746,13,2018-12-01T19:55:18Z,2025-12-18T06:13:05Z,2025-12-18T02:01:19Z,7145,GNU Lesser General Public License v2.1,https://github.com/spicetify/cli,https://github.com/spicetify/cli.git,"command-line, command-line-tool, customization, golang, hacktoberfest, linux, macos, spicetify-cli, spicetify-extensions, spotify, windows"
2744972,ws,websockets/ws,websockets,"Simple to use, blazing fast and thoroughly tested WebSocket client and server for Node.js",JavaScript,22559,2508,22559,6,2011-11-09T22:32:45Z,2025-12-18T03:04:35Z,2025-12-02T13:08:21Z,16854,MIT License,https://github.com/websockets/ws,https://github.com/websockets/ws.git,"javascript, node, nodejs, real-time, rfc-6455, websocket, websocket-client, websocket-compression, websocket-server"
3214406,meteor,meteor/meteor,meteor,"Meteor, the JavaScript App Platform",JavaScript,44755,5259,44755,323,2012-01-19T01:58:17Z,2025-12-18T03:38:20Z,2025-12-17T20:40:18Z,142339,Other,https://github.com/meteor/meteor,https://github.com/meteor/meteor.git,"build-system, framework, hacktoberfest, javascript, meteor, mongodb, nodejs, npm, react, reactive-programming, realtime, rpc, zero-configuration"
70100622,not-paid,kleampa/not-paid,kleampa,Client did not pay? Add opacity to the body tag and decrease it every day until their site completely fades away,JavaScript,15569,1051,15569,10,2016-10-05T21:24:22Z,2025-12-17T15:50:50Z,2025-04-28T06:46:06Z,38,,https://github.com/kleampa/not-paid,https://github.com/kleampa/not-paid.git,
140525341,live2d-widget,stevenjoezhang/live2d-widget,stevenjoezhang,ÊääËêåËêåÂìíÁöÑÁúãÊùøÂ®òÊä±ÂõûÂÆ∂ („Éé‚âß‚àá‚â¶)„Éé | Live2D widget for web platform,JavaScript,10282,2554,10282,16,2018-07-11T05:22:00Z,2025-12-18T06:02:17Z,2025-12-16T09:35:15Z,2069,GNU General Public License v3.0,https://github.com/stevenjoezhang/live2d-widget,https://github.com/stevenjoezhang/live2d-widget.git,"javascript-plugin, live2d"
106279637,filepond,pqina/filepond,pqina,üåä A flexible and fun JavaScript file upload library,JavaScript,16205,859,16205,139,2017-10-09T12:17:44Z,2025-12-18T03:25:14Z,2025-12-16T13:32:08Z,7494,MIT License,https://github.com/pqina/filepond,https://github.com/pqina/filepond.git,"drag-and-drop, file-upload, filepond, image-processing, javascript, plugin, vanilla"
35848897,react-markdown,remarkjs/react-markdown,remarkjs,Markdown component for React,JavaScript,15281,921,15281,3,2015-05-18T23:59:17Z,2025-12-18T06:33:05Z,2025-04-21T10:10:50Z,2071,MIT License,https://github.com/remarkjs/react-markdown,https://github.com/remarkjs/react-markdown.git,"commonmark, gfm, markdown, react, remark"
13395052,PapaParse,mholt/PapaParse,mholt,Fast and powerful CSV (delimited text) parser that gracefully handles large files and malformed input,JavaScript,13311,1179,13311,212,2013-10-07T20:33:21Z,2025-12-18T02:58:47Z,2025-08-20T06:47:43Z,15052,MIT License,https://github.com/mholt/PapaParse,https://github.com/mholt/PapaParse.git,"csv, csv-parser, javascript"
50603846,parse-server,parse-community/parse-server,parse-community,Parse Server for Node.js / Express,JavaScript,21325,4821,21325,469,2016-01-28T18:29:14Z,2025-12-17T21:36:31Z,2025-12-16T01:39:16Z,97434,Apache License 2.0,https://github.com/parse-community/parse-server,https://github.com/parse-community/parse-server.git,"baas, backend, file-storage, graphql, graphql-api, graphql-relay, graphql-server, hacktoberfest, mbaas, mongodb, nodejs, notifications, object-storage, parse-platform, parse-server, postgres, relay, rest-api"
45942274,enzyme,enzymejs/enzyme,enzymejs,JavaScript Testing utilities for React,JavaScript,19899,1990,19899,281,2015-11-10T21:45:38Z,2025-12-17T18:09:54Z,2025-10-22T15:55:30Z,7893,MIT License,https://github.com/enzymejs/enzyme,https://github.com/enzymejs/enzyme.git,"assertion-library, assertions, ava, chai, enzyme, jest, mocha, react, react-components, test, test-runner, test-runners, testing, traversal"
30102273,Mobile-Security-Framework-MobSF,MobSF/Mobile-Security-Framework-MobSF,MobSF,"Mobile Security Framework (MobSF) is an automated, all-in-one mobile application (Android/iOS/Windows) pen-testing, malware analysis and security assessment framework capable of performing static and dynamic analysis.",JavaScript,20009,3540,20009,18,2015-01-31T04:36:01Z,2025-12-18T06:05:22Z,2025-12-16T22:59:51Z,1521377,GNU General Public License v3.0,https://github.com/MobSF/Mobile-Security-Framework-MobSF,https://github.com/MobSF/Mobile-Security-Framework-MobSF.git,"android-security, api-testing, apk, cwe, devsecops, dynamic-analysis, ios-security, malware-analysis, mastg, masvs, mobile-security, mobsf, mstg, owasp, rest, runtime-security, static-analysis, web-security, windows-mobile-security"
4578898,habitica,HabitRPG/habitica,HabitRPG,A habit tracker app which treats your goals like a Role Playing Game.,JavaScript,13535,4373,13535,202,2012-06-06T22:49:48Z,2025-12-17T21:47:46Z,2025-12-16T23:01:22Z,1668576,Other,https://github.com/HabitRPG/habitica,https://github.com/HabitRPG/habitica.git,"css, express, habitica, hacktoberfest, html, javascript, mongodb, node, nodejs, vue, vuejs"
17107479,framework7,framework7io/framework7,framework7io,Full featured HTML framework for building iOS & Android apps,JavaScript,18546,3219,18546,229,2014-02-23T12:15:53Z,2025-12-17T08:18:49Z,2025-12-05T18:20:57Z,103021,MIT License,https://github.com/framework7io/framework7,https://github.com/framework7io/framework7.git,"android, components, cordova, framework, ios, library, material, material-design, mobile, phonegap, touch"
36753839,openmct,nasa/openmct,nasa,A web based mission control framework. ,JavaScript,12699,1369,12699,985,2015-06-02T18:40:28Z,2025-12-17T02:31:13Z,2025-12-18T03:02:58Z,86423,Other,https://github.com/nasa/openmct,https://github.com/nasa/openmct.git,
2436267,nock,nock/nock,nock,HTTP server mocking and expectations library for Node.js,JavaScript,13060,752,13060,88,2011-09-22T10:08:03Z,2025-12-17T04:44:25Z,2025-12-01T22:09:35Z,9988,MIT License,https://github.com/nock/nock,https://github.com/nock/nock.git,"http, javascript, mock, nock, node"
7363211,knex,knex/knex,knex,"A query builder for PostgreSQL, MySQL, CockroachDB, SQL Server, SQLite3 and Oracle, designed to be flexible, portable, and fun to use.",JavaScript,20145,2185,20145,719,2012-12-29T05:18:25Z,2025-12-17T09:54:21Z,2025-12-17T01:16:48Z,17388,MIT License,https://github.com/knex/knex,https://github.com/knex/knex.git,"javascript, knex, mysql, postgresql, sql, sqlite3"
309123651,screenity,alyssaxuu/screenity,alyssaxuu,The free and privacy-friendly screen recorder with no limits üé•,JavaScript,17710,1420,17710,25,2020-11-01T15:16:31Z,2025-12-18T03:45:07Z,2025-12-11T17:19:15Z,65365,GNU General Public License v3.0,https://github.com/alyssaxuu/screenity,https://github.com/alyssaxuu/screenity.git,"annotation, annotation-tool, audio, camera, chrome-extension, design, editor, ffmpeg, javascript, productivity, recorder, screen-capture, screen-recorder, screencast, tensorflow, video"
317757,Modernizr,Modernizr/Modernizr,Modernizr,Modernizr is a JavaScript library that detects HTML5 and CSS3 features in the user‚Äôs browser.,JavaScript,25664,2957,25664,193,2009-09-25T20:13:23Z,2025-12-16T17:34:59Z,2025-11-23T16:14:08Z,19659,MIT License,https://github.com/Modernizr/Modernizr,https://github.com/Modernizr/Modernizr.git,"css3-features, feature-detection, hacktoberfest, javascript, javascript-library, modernizr"
115229134,mdx,mdx-js/mdx,mdx-js,Markdown for the component era,JavaScript,19106,1170,19106,21,2017-12-24T00:01:48Z,2025-12-18T01:33:33Z,2025-12-17T04:10:12Z,44527,MIT License,https://github.com/mdx-js/mdx,https://github.com/mdx-js/mdx.git,"jsx, markdown, mdx, react, remark, unified, vue"
106087444,electerm,electerm/electerm,electerm,"üìªTerminal/ssh/sftp/ftp/telnet/serialport/RDP/VNC client(linux, mac, win)",JavaScript,13364,1084,13364,520,2017-10-07T09:54:11Z,2025-12-18T06:24:08Z,2025-12-17T13:44:30Z,31431,MIT License,https://github.com/electerm/electerm,https://github.com/electerm/electerm.git,"electerm, electron, file-manager, ftp, linux-app, macos-app, open-source, rdp, serialport, sftp, ssh, telnet, terminal, vnc, windows-app"
70107786,next.js,vercel/next.js,vercel,The React Framework,JavaScript,136626,30070,136626,3155,2016-10-05T23:32:51Z,2025-12-18T05:16:20Z,2025-12-18T04:24:48Z,2433671,MIT License,https://github.com/vercel/next.js,https://github.com/vercel/next.js.git,"blog, browser, compiler, components, hybrid, nextjs, node, react, server-rendering, ssg, static, static-site-generator, universal, vercel"
175176201,lax.js,alexfoxy/lax.js,alexfoxy,Simple & lightweight (<4kb gzipped) vanilla JavaScript library to create smooth & beautiful animations when you scroll.,JavaScript,10503,489,10503,20,2019-03-12T09:21:03Z,2025-12-17T08:23:47Z,2025-05-21T06:07:55Z,5085,MIT License,https://github.com/alexfoxy/lax.js,https://github.com/alexfoxy/lax.js.git,"animation, css, effects, parallax, scroll, transitions"
27193779,node,nodejs/node,nodejs,Node.js JavaScript runtime ‚ú®üê¢üöÄ‚ú®,JavaScript,114806,34112,114806,2434,2014-11-26T19:57:11Z,2025-12-18T06:26:54Z,2025-12-17T13:22:24Z,1379895,Other,https://github.com/nodejs/node,https://github.com/nodejs/node.git,"javascript, js, linux, macos, mit, node, nodejs, runtime, windows"
14747598,json-server,typicode/json-server,typicode,Get a full fake REST API with zero coding in less than 30 seconds (seriously),JavaScript,75466,7265,75466,723,2013-11-27T13:21:13Z,2025-12-18T06:34:04Z,2025-11-21T14:13:39Z,4535,Other,https://github.com/typicode/json-server,https://github.com/typicode/json-server.git,
3065454,impress.js,impress/impress.js,impress,It's a presentation framework based on the power of CSS3 transforms and transitions in modern browsers and inspired by the idea behind prezi.com.,JavaScript,38508,6625,38508,67,2011-12-28T22:23:19Z,2025-12-18T03:39:59Z,2025-10-07T12:22:52Z,4465,MIT License,https://github.com/impress/impress.js,https://github.com/impress/impress.js.git,
958314,nodemon,remy/nodemon,remy,Monitor for any changes in your node.js application and automatically restart the server - perfect for development,JavaScript,26679,1744,26679,11,2010-10-03T12:50:52Z,2025-12-17T13:10:27Z,2025-12-10T15:09:59Z,2875,MIT License,https://github.com/remy/nodemon,https://github.com/remy/nodemon.git,"hacktoberfest, node, nodemon, watch"
1861458,reveal.js,hakimel/reveal.js,hakimel,The HTML Presentation Framework,JavaScript,70228,16808,70228,881,2011-06-07T18:54:22Z,2025-12-18T05:53:41Z,2025-10-14T09:58:39Z,28658,MIT License,https://github.com/hakimel/reveal.js,https://github.com/hakimel/reveal.js.git,"presentations, slides, slideshow"
7874074,howler.js,goldfire/howler.js,goldfire,Javascript audio library for the modern web.,JavaScript,25053,2278,25053,413,2013-01-28T16:47:12Z,2025-12-18T06:19:13Z,2025-11-23T23:49:01Z,32239,MIT License,https://github.com/goldfire/howler.js,https://github.com/goldfire/howler.js.git,"audio, audio-library, howler, html5-audio, javascript, playback, volume, web-audio"
61204547,Detox,wix/Detox,wix,Gray box end-to-end testing and automation framework for mobile apps,JavaScript,11740,1920,11740,213,2016-06-15T11:58:01Z,2025-12-17T15:08:17Z,2025-12-17T19:53:16Z,69909,MIT License,https://github.com/wix/Detox,https://github.com/wix/Detox.git,"android, automation, e2e-tests, hacktoberfest, hacktoberfest2024, ios, javascript, react-native, test-automation, testing, testing-tools"
23083156,material-ui,mui/material-ui,mui,Material UI: Comprehensive React component library that implements Google's Material Design. Free forever.,JavaScript,97478,32796,97478,1749,2014-08-18T19:11:54Z,2025-12-18T05:22:37Z,2025-12-18T03:11:01Z,701697,MIT License,https://github.com/mui/material-ui,https://github.com/mui/material-ui.git,"design-system, material-design, material-ui, react, react-components"
9393759,phaser,phaserjs/phaser,phaserjs,"Phaser is a fun, free and fast 2D game framework for making HTML5 games for desktop and mobile web browsers, supporting Canvas and WebGL rendering.",JavaScript,38721,7129,38721,121,2013-04-12T12:27:51Z,2025-12-18T06:28:46Z,2025-12-17T23:40:15Z,461660,MIT License,https://github.com/phaserjs/phaser,https://github.com/phaserjs/phaser.git,"canvas, discord-activities, facebook-instant-games, game-development, game-frameworks, gamedev, html5-game-development, javascript, phaser, phaser-development, phaserjs, webgl, youtube-playables"
30732364,falcor,Netflix/falcor,Netflix,A JavaScript library for efficient data fetching,JavaScript,10574,446,10574,74,2015-02-13T00:17:50Z,2025-12-17T23:32:02Z,2025-08-28T19:54:07Z,23684,Apache License 2.0,https://github.com/Netflix/falcor,https://github.com/Netflix/falcor.git,
952189,backbone,jashkenas/backbone,jashkenas,"Give your JS App some Backbone with Models, Views, Collections, and Events",JavaScript,28116,5340,28116,62,2010-09-30T19:41:28Z,2025-12-18T03:13:46Z,2025-04-01T11:14:31Z,27619,MIT License,https://github.com/jashkenas/backbone,https://github.com/jashkenas/backbone.git,
1908577,http-server,http-party/http-server,http-party,"A simple, zero-configuration, command-line http server",JavaScript,14105,1549,14105,105,2011-06-16T23:54:57Z,2025-12-16T21:59:18Z,2025-12-16T20:31:53Z,1971,MIT License,https://github.com/http-party/http-server,https://github.com/http-party/http-server.git,"command-line, hacktoberfest, hosting, http, http-server, server, static, static-server"
